id,first_name,last_name,email,gender,ip_address
1,Burr,Smyley,bsmyley0@miibeian.gov.cn,Male,227.218.139.248
2,Johan,January 1st,jjanuaryst1@devhub.com,Male,199.88.167.56
3,Sophia,Porch,sporch2@multiply.com,Female,66.112.102.98
4,Vachel,O'Gormally,vogormally3@goo.gl,Male,39.57.99.224
5,Raquela,Pond,rpond4@si.edu,Female,170.157.190.51
6,Mortie,Breedy,mbreedy6@wufoo.com,Male,253.100.96.242
7,Pen,Blooman,pblooman7@mozilla.com,Male,63.130.252.216
9,Fransisco,Popple,fpopple8@hostgator.com,Male,203.40.186.235
10,Hannah,Colquite,hcolquite9@salon.com,Female,140.9.224.95
11,Daniel,Bernhard,daniel.bernhard@meta.com,Male,143.12.264.75
